0,货币资金(万元),结算备付金(万元),拆出资金(万元),交易性金融资产(万元),衍生金融资产(万元),应收票据(万元),应收账款(万元),预付款项(万元),应收保费(万元),应收分保账款(万元),应收分保合同准备金(万元),应收利息(万元),应收股利(万元),其他应收款(万元),应收出口退税(万元),应收补贴款(万元),应收保证金(万元),内部应收款(万元),买入返售金融资产(万元),存货(万元),待摊费用(万元),待处理流动资产损益(万元),一年内到期的非流动资产(万元),其他流动资产(万元),流动资产合计(万元),发放贷款及垫款(万元),可供出售金融资产(万元),持有至到期投资(万元),长期应收款(万元),长期股权投资(万元),其他长期投资(万元),投资性房地产(万元),固定资产原值(万元),累计折旧(万元),固定资产净值(万元),固定资产减值准备(万元),固定资产(万元),在建工程(万元),工程物资(万元),固定资产清理(万元),生产性生物资产(万元),公益性生物资产(万元),油气资产(万元),无形资产(万元),开发支出(万元),商誉(万元),长期待摊费用(万元),股权分置流通权(万元),递延所得税资产(万元),其他非流动资产(万元),非流动资产合计(万元),资产总计(万元),短期借款(万元),向中央银行借款(万元),吸收存款及同业存放(万元),拆入资金(万元),交易性金融负债(万元),衍生金融负债(万元),应付票据(万元),应付账款(万元),预收账款(万元),卖出回购金融资产款(万元),应付手续费及佣金(万元),应付职工薪酬(万元),应交税费(万元),应付利息(万元),应付股利(万元),其他应交款(万元),应付保证金(万元),内部应付款(万元),其他应付款(万元),预提费用(万元),预计流动负债(万元),应付分保账款(万元),保险合同准备金(万元),代理买卖证券款(万元),代理承销证券款(万元),国际票证结算(万元),国内票证结算(万元),递延收益(万元),应付短期债券(万元),一年内到期的非流动负债(万元),其他流动负债(万元),流动负债合计(万元),长期借款(万元),应付债券(万元),长期应付款(万元),专项应付款(万元),预计非流动负债(万元),长期递延收益(万元),递延所得税负债(万元),其他非流动负债(万元),非流动负债合计(万元),负债合计(万元),实收资本(或股本)(万元),资本公积(万元),减:库存股(万元),专项储备(万元),盈余公积(万元),一般风险准备(万元),未确定的投资损失(万元),未分配利润(万元),拟分配现金股利(万元),外币报表折算差额(万元),归属于母公司股东权益合计(万元),少数股东权益(万元),所有者权益(或股东权益)合计(万元),负债和所有者权益(或股东权益)总计(万元), 销售商品、提供劳务收到的现金(万元), 客户存款和同业存放款项净增加额(万元), 向中央银行借款净增加额(万元, 向其他金融机构拆入资金净增加额(万元), 收到原保险合同保费取得的现金(万元), 收到再保险业务现金净额(万元), 保户储金及投资款净增加额(万元), 处置交易性金融资产净增加额(万元), 收取利息、手续费及佣金的现金(万元), 拆入资金净增加额(万元), 回购业务资金净增加额(万元), 收到的税费返还(万元), 收到的其他与经营活动有关的现金(万元), 经营活动现金流入小计(万元), 购买商品、接受劳务支付的现金(万元), 客户贷款及垫款净增加额(万元), 存放中央银行和同业款项净增加额(万元), 支付原保险合同赔付款项的现金(万元), 支付利息、手续费及佣金的现金(万元), 支付保单红利的现金(万元), 支付给职工以及为职工支付的现金(万元), 支付的各项税费(万元), 支付的其他与经营活动有关的现金(万元), 经营活动现金流出小计(万元), 经营活动产生的现金流量净额(万元), 收回投资所收到的现金(万元), 取得投资收益所收到的现金(万元), 处置固定资产、无形资产和其他长期资产所收回的现金净额(万元), 处置子公司及其他营业单位收到的现金净额(万元), 收到的其他与投资活动有关的现金(万元), 减少质押和定期存款所收到的现金(万元), 投资活动现金流入小计(万元), 购建固定资产、无形资产和其他长期资产所支付的现金(万元), 投资所支付的现金(万元), 质押贷款净增加额(万元), 取得子公司及其他营业单位支付的现金净额(万元), 支付的其他与投资活动有关的现金(万元), 增加质押和定期存款所支付的现金(万元), 投资活动现金流出小计(万元), 投资活动产生的现金流量净额(万元), 吸收投资收到的现金(万元), 其中：子公司吸收少数股东投资收到的现金(万元), 取得借款收到的现金(万元), 发行债券收到的现金(万元), 收到其他与筹资活动有关的现金(万元), 筹资活动现金流入小计(万元), 偿还债务支付的现金(万元), 分配股利、利润或偿付利息所支付的现金(万元), 其中：子公司支付给少数股东的股利、利润(万元), 支付其他与筹资活动有关的现金(万元), 筹资活动现金流出小计(万元), 筹资活动产生的现金流量净额(万元), 汇率变动对现金及现金等价物的影响(万元), 现金及现金等价物净增加额(万元), 加:期初现金及现金等价物余额(万元), 期末现金及现金等价物余额(万元), 净利润(万元), 少数股东损益(万元), 未确认的投资损失(万元), 资产减值准备(万元), 固定资产折旧、油气资产折耗、生产性物资折旧(万元), 无形资产摊销(万元), 长期待摊费用摊销(万元), 待摊费用的减少(万元), 预提费用的增加(万元), 处置固定资产、无形资产和其他长期资产的损失(万元), 固定资产报废损失(万元), 公允价值变动损失(万元), 递延收益增加(减：减少)(万元), 预计负债(万元), 财务费用(万元), 投资损失(万元), 递延所得税资产减少(万元), 递延所得税负债增加(万元), 存货的减少(万元), 经营性应收项目的减少(万元), 经营性应付项目的增加(万元), 已完工尚未结算款的减少(减:增加)(万元), 已结算尚未完工款的增加(减:减少)(万元), 其他(万元), 经营活动产生现金流量净额(万元), 债务转为资本(万元), 一年内到期的可转换公司债券(万元), 融资租入固定资产(万元), 现金的期末余额(万元), 现金的期初余额(万元), 现金等价物的期末余额(万元), 现金等价物的期初余额(万元), 现金及现金等价物的净增加额(万元),营业总收入(万元),营业收入(万元),利息收入(万元),已赚保费(万元),手续费及佣金收入(万元),房地产销售收入(万元),其他业务收入(万元),营业总成本(万元),营业成本(万元),利息支出(万元),手续费及佣金支出(万元),房地产销售成本(万元),研发费用(万元),退保金(万元),赔付支出净额(万元),提取保险合同准备金净额(万元),保单红利支出(万元),分保费用(万元),其他业务成本(万元),营业税金及附加(万元),销售费用(万元),管理费用(万元),财务费用(万元),资产减值损失(万元),公允价值变动收益(万元),投资收益(万元),对联营企业和合营企业的投资收益(万元),汇兑收益(万元),期货损益(万元),托管收益(万元),补贴收入(万元),其他业务利润(万元),营业利润(万元),营业外收入(万元),营业外支出(万元),非流动资产处置损失(万元),利润总额(万元),所得税费用(万元),未确认投资损失(万元),净利润(万元),归属于母公司所有者的净利润(万元),被合并方在合并前实现净利润(万元),少数股东损益(万元),基本每股收益,稀释每股收益
2017-06-30,28997700,--,6451800,4908300,588200,--,1443900,--,--,--,--,1844900,--,--, --,--,--,--,149800,--,--,--,--,--,--,154905200,1029300,30282200,--,--,--,21300,1344100,547800,796300,200,796100,--,--,--,--,--,--,463600,--,756800,--,--,2056000,1377200,--,309214200,--,8468400,229881100,2645500,1411100,571000,--,--,--,4906200,--,719600,777100,2167300,--,--,--,--,--,--,--,--,--,--,--,--,--,--,--,--,--,--,--,35065000,--,--,6000,--,--,1450500,--,288068800,1717000,5646500,--,--,1078100,3446800,--,7311000,--,--,21145400,--,21145400,309214200,--,--,6490700,--,--,--,--,--,7439000,--,3072400,--,1479600,18672300,--,13857300,4406200,--,2822700,--,822800,1587100,1396000,31490300,-12818000,34610000,1591500,400,--,--,--,36201900,41300,42016100,--,--,--,--,42057400,-5855500,--,--,--,53150000,--,53150000,44981000,271500,--,--,45252500,7897500,-135200,-10911200,23341400,12430200,1255400,--,--,2371600,47400,34500,24000,--,--,400,--,-255400,--,--,-972600,--,-283400,--,--,-19291400,4284600,--,--,--,-12818000,--,--,--,368000,449500,12062200,22891900,-10911200,5407300,--,7164800,--,1786900,--,9500,3760500,--,3428700,212100,--,--,--,--,--,--,--,--,50300,1338600,--,--,2371600,1700,73900,--,5200,--,--,--,--,1646800,1500,5100,--,1643200,387800,--,1255400,1255400,--,--,0.68,0.68
2017-03-31,26954100,--,6900900,4404400,418800,--,522600,--,--,--,--,1707100,--,--,--,--,--,--,81000,--,--,--,--,--,--,150418400,123800,29143300,--,--,--,22100,--,--,--,--,811900,--,--,--,--,--,--,473400,--,756800,--,--,1893500,1339100,--,300619500,--,2507400,231265800,5951300,966300,696400,--,--,--,1233200,--,690700,1519900,2132700,--,--,--,--,--,--,--,--,--,--,--,--,--,--,--,--,--,--,--,31707900,--,--,6000,--,--,1168000,--,279845600,1717000,5646500,--,--,1078100,3446800,--,6948300,--,--,20773900,--,20773900,300619500,--,--,592200,--,--,--,--,--,3559700,692800,--,--,1366700,6433900,--,8225100,2431300,--,1357800,--,543500,274700,2537100,17934700,-11500800,28151200,812000,--,--,--,--,28963200,12500,33671600,--,--,--,--,33684100,-4720900,--,--,--,30583300,--,30583300,25500000,151700,--,--,25651700,4931600,-43100,-11333200,23341400,12008200,--,--,--,--,--,--,--,--,--,--,--,--,--,--,--,--,--,--,--,--,--,--,--,--,--,--,--,--,12008200,23341400,--,--,-11333200,2771200,--,3504500,--,912500,--,6200,1948400,--,1617600,97500,--,--,--,--,--,--,--,--,24600,680400,--,--,1243400,-2500,61100,--,4500,--,--,--,--,822800,1600,1400,--,823000,201600,--,621400,621400,--,--,0.31,0.31
2016-12-31,31125800,--,9745000,5717900,873000,--,556800,--,--,--,--,1577000,--,--,--,--,--,--,887600,--,--,--,--,--,--,143586900,117900,28680200,--,--,--,22100,1344600,512800,831800,200,831600,--,--,--,--,--,--,477100,--,756800,--,--,1783100,1109900,--,295343400,--,1913700,231418600,5258600,2191300,834900,--,--,--,1894100,--,928900,1275400,2153200,--,--,--,--,--,--,--,--,--,--,--,--,--,--,--,--,--,--,--,26346400,--,--,9000,--,--,902200,--,275126300,1717000,5646500,--,--,1078100,3446800,--,6414300,--,--,20217100,--,20217100,295343400,--,26777300,1513800,--,--,--,--,--,13025900,4044300,793800,--,683000,50320000,--,29587800,4663500,--,4850400,--,1376200,1381100,6535000,49221100,1098900,176555000,2797900,900,--,--,--,179353800,277200,189310900,--,--,--,--,189588100,-10234300,--,--,--,71279000,--,73279000,66998000,355000,--,--,67357800,5921200,421500,-2792700,26134100,23341400,2259900,--,--,4651800,84800,58700,49600,--,--,1100,--,255500,--,6400,879000,-2863600,-921300,--,--,-38409100,35045200,--,--,--,1098900,--,--,--,449500,411900,22891900,25722200,-2792700,10771500,--,13111900,--,3130900,--,14600,7793600,--,5470800,345000,--,--,--,--,--,--,--,--,344500,2797300,--,--,4651800,4900,236800,-14100,88200,--,--,--,--,2977900,22100,6500,--,2993500,733600,--,2259900,2259900,--,--,1.32,1.32
2016-09-30,30393600,--,5017200,1598400,583200,--,570400,--,--,--,--,1347100,--,--,--,--,--,--,3765500,--,--,--,--,--,--,139385400,150200,28286200,--,54200,--,21100,--,--,--,--,740700,--,--,--,--,--,--,463100,--,756800,--,--,1336100,1371300,--,279123800,--,1064900,215963200,1292800,2058500,1123800,--,--,--,--,--,1064800,924100,2115100,--,--,--,--,--,--,--,--,--,--,--,--,--,--,--,--,--,--,--,32541900,--,--,2400,--,--,1149500,--,259301000,1717000,5646500,--,--,852100,2752800,--,6946300,--,--,19822800,--,19822800,279123800,--,11356300,755300,--,--,--,--,--,9940500,78500,--,--,794600,25797200,--,23918800,5922000,--,3729100,--,1106000,1105900,2757600,41091400,-15294200,162619700,2175700,--,--,--,--,164795400,90600,174421000,--,--,--,--,174511600,-9716200,--,--,--,60976400,--,62976400,50319000,355800,--,--,50679600,12296800,154600,-12559000,26134100,13575100,--,--,--,--,--,--,--,--,--,--,--,--,--,--,--,--,--,--,--,--,--,--,--,--,--,--,--,--,13575100,26134100,--,--,-12559000,8196800,--,9557500,--,2668900,--,8700,5742300,--,4101200,251500,--,--,--,--,--,--,--,--,310000,2270800,--,--,3161500,11000,246600,--,56800,--,--,--,--,2454500,5200,3700,--,2456000,584100,--,1871900,1871900,--,--,1.09,1.09
2016-06-30,27817800,--,6707000,4114800,1160300,--,612200,--,--,--,--,1411600,--,--,--,--,--,--,5216200,--,--,--,--,--,--,132393500,128000,28459800,--,54200,--,22800,1012100,481100,531000,--,531000,--,--,--,--,--,--,474100,--,756800,--,--,1173200,1405500,--,280098300,--,4110700,215717600,969300,2273900,1954900,--,300,--,30000,--,990100,649100,2071500,--,--,--,--,--,--,--,--,--,--,--,--,--,--,--,--,--,--,--,30760300,--,--,2500,--,--,1398100,--,260928300,1717000,5646500,--,--,852100,2752800,--,6303600,--,--,19170000,--,19170000,280098300,--,11145500,3802800,--,--,--,--,--,6631900,--,--,--,216700,23758900,--,15770900,1680700,--,2588800,--,838400,988500,2791100,27078700,-3319800,99403400,1407000,--,--,--,--,100810400,60000,113140500,--,--,--,--,113200500,-12390100,--,--,--,42045300,--,44045300,32940000,355000,--,--,33299800,10745500,144800,-4819600,26134100,21314500,1229200,--,--,2000000,39500,28500,22600,--,--,500,--,695500,--,--,-973800,--,-305300,--,--,-21442000,15409400,--,--,--,-3319800,--,--,--,359400,411900,20955100,25722200,-4819600,5476900,--,6356800,--,1810000,--,7400,3861300,--,2737200,165200,--,--,--,--,--,--,--,--,283900,1577400,--,--,2000000,16000,160800,2500,28300,--,--,--,--,1615600,2900,3100,--,1615400,386200,--,1229200,1229200,--,--,0.72,0.72
2016-03-31,29614400,--,8721200,3706000,767600,--,580300,--,--,--,--,1441000,--,--,--,--,--,--,3404500,--,--,--,--,--,--,123098500,274600,28927600,--,52100,--,22900,--,--,--,--,465000,--,--,--,--,--,--,483800,--,756800,--,--,973200,1347200,--,268115500,--,278300,215369900,911800,1617000,1019700,--,19100,--,439800,--,837400,875200,2270600,--,--,--,--,--,--,--,--,--,--,--,--,--,--,--,--,--,--,--,24736000,--,--,2500,--,--,981300,--,249358600,1430900,5932600,--,--,852100,2752800,--,5901900,--,--,18756900,--,18756900,268115500,--,10832500,--,--,--,--,--,--,3286000,--,--,--,61400,15950800,--,5397300,--,--,1247100,--,590400,268900,919400,10024000,5926800,40950900,721900,--,--,--,--,41672800,23600,51127300,--,--,--,--,51150900,-9478100,--,--,--,16742000,--,18742000,13488000,61200,--,--,13554000,5188000,-17100,1619600,26134100,27753700,--,--,--,--,--,--,--,--,--,--,--,--,--,--,--,--,--,--,--,--,--,--,--,--,--,--,--,--,27753700,26134100,--,--,1619600,2753200,--,3235900,--,889600,--,7100,1951800,--,1396100,79500,--,--,--,--,--,--,--,--,188800,808000,--,--,955000,-1400,82400,--,15200,--,--,--,--,801400,1800,300,--,802900,194300,--,608600,608600,--,--,0.43,0.43
2015-12-31,29171500,--,7663600,1975700,814400,--,662400,--,--,--,--,1354000,--,--,--,--,--,--,11729100,--,--,--,--,--,--,118687200,124500,26616600,--,52100,--,21200,930300,451500,478800,--,478800,--,--,--,--,--,--,496100,--,756800,--,--,872800,1195600,--,250714900,--,305100,204502700,1214300,850600,403700,--,4400,--,1100000,--,1035100,657100,2325300,--,--,--,--,--,--,--,--,--,--,--,--,--,--,--,--,--,--,--,21296300,--,--,2600,--,--,867700,--,234564900,1430900,5932600,--,--,852100,2752800,--,5293300,--,--,16150000,--,16150000,250714900,--,12500000,23500,--,--,--,--,--,13084900,--,--,--,1231700,36174400,--,21625500,547200,--,6332000,--,1287100,1510600,3400000,36357000,-182600,73292000,2658800,--,--,--,--,75950800,353400,85220000,--,--,--,--,85573400,-9622600,--,--,--,37079600,--,38073600,20321000,334900,--,--,20655900,17417700,176000,7788500,18345600,26134100,2186500,--,--,3048500,72500,62300,42300,--,--,900,--,-7100,--,100,-2157600,--,-213700,--,--,-14888600,11711300,--,--,--,-182600,--,--,--,411900,415900,25722200,17929700,7788500,9616300,--,13164900,--,2918500,--,16100,6726800,--,6555000,274000,--,--,--,--,--,--,--,--,667100,3011200,--,--,3048500,10700,392400,4600,-57300,--,--,--,--,2889500,4000,8900,--,2884600,698100,--,2186500,2186500,--,--,1.56,1.56
2015-09-30,29722300,--,10418900,1759700,547100,--,712000,--,--,--,--,1194400,--,--,--,--,--,--,25428500,--,--,--,--,--,--,118222600,76600,26002200,--,56200,--,14500,--,--,--,--,440600,--,--,--,--,--,--,497200,--,756800,--,--,936700,1228700,--,259906000,--,360000,215907300,1684600,738600,284400,--,278700,--,--,--,1052000,739300,2570800,--,--,--,--,--,--,--,--,--,--,--,--,--,--,--,--,--,--,--,19232500,--,--,2500,--,--,1341700,--,244192400,1430900,5932600,--,--,633400,1911500,--,5940700,--,--,15713600,--,15713600,259906000,--,23939800,80300,--,--,--,--,--,9879300,329500,--,--,994400,42387900,--,20078400,817900,--,4740400,--,989500,1173700,2633500,33189400,9198500,57750500,2104400,--,--,--,--,59854900,244400,63086600,--,--,--,--,63331000,-3476100,--,--,--,25809600,--,26803600,10623000,334900,--,--,10957900,15845700,72300,21640400,18345600,39986000,--,--,--,--,--,--,--,--,--,--,--,--,--,--,--,--,--,--,--,--,--,--,--,--,--,--,--,--,39986000,18345600,--,--,21640400,7115200,--,9922500,--,2214400,--,11600,4784700,--,5101900,192100,--,--,--,--,--,--,--,--,504600,2286600,--,--,1993500,9700,308100,--,-57100,--,--,--,--,2330500,2100,4000,--,2328600,554600,--,1774000,1774000,--,--,1.27,1.27
2015-06-30,29861800,--,6926700,3724600,509000,--,737400,--,--,--,--,1126400,--,--,--,--,--,--,30686900,--,--,--,--,--,--,115904500,158600,24613700,--,56200,--,10700,801400,432400,369000,--,369000,--,--,--,--,--,--,506400,--,756800,--,--,930800,1112600,--,257050800,--,292100,223015900,1793100,562700,325200,--,97800,--,--,--,889600,729300,2400100,--,--,--,--,--,--,--,--,--,--,--,--,--,--,--,--,--,--,--,10825400,--,--,2500,--,--,1029100,--,241962800,1430900,5932600,--,--,633400,1911500,--,5325300,--,--,15088000,--,15088000,257050800,--,31083800,14100,--,--,--,--,--,6595800,437900,--,--,330300,44743400,--,16995900,--,--,3373200,--,743400,818800,2118500,26491200,18252200,25418200,1447500,--,--,--,--,26865700,169200,31687800,--,--,--,--,31857000,-4991300,--,--,--,12347900,--,13341900,5838000,334900,--,--,6172900,7169000,-17000,20412900,18345600,38758500,1158500,--,--,1292300,33600,30600,18700,--,--,100,--,162600,--,--,-1222700,--,-258700,--,--,-12717300,29774800,--,--,--,18252200,--,--,--,467300,415900,38291200,17929700,20412900,4657500,--,6586400,--,1496100,--,6100,3130800,--,3474600,123900,--,--,--,--,--,--,--,--,338000,1500500,--,--,1292300,8500,210400,3500,-51500,--,--,--,--,1526700,1300,2100,--,1525900,367400,--,1158500,1158500,--,--,0.84,0.84
2015-03-31,26670500,--,4636000,4079000,575800,--,861300,--,--,--,--,1163300,--,--,--,--,--,--,18304800,--,--,--,--,--,--,110131300,195400,23109400,--,48600,--,10900,--,--,--,--,369700,--,--,--,--,--,--,515700,--,756800,--,--,748400,1250800,--,230477500,--,408600,199601600,1373300,488900,353700,--,144800,--,1842600,--,658400,721200,2424100,--,--,--,--,--,--,--,--,--,--,--,--,--,--,--,--,--,--,--,7792100,--,--,2500,--,--,995300,--,216807100,1142500,5227000,--,--,633400,1911500,--,4928500,--,--,13670400,--,13670400,230477500,--,7704300,131800,--,--,--,--,--,3134100,18200,--,--,32100,16709200,--,10250000,--,--,1741600,--,513500,266900,2164000,15559700,1149500,12218500,684300,--,--,--,--,12902800,125100,15054700,--,--,--,--,15179800,-2277000,--,--,--,5571700,--,5571700,2005000,61200,--,--,2066200,3505500,-19800,2358200,18345600,20703800,--,--,--,--,--,--,--,--,--,--,--,--,--,--,--,--,--,--,--,--,--,--,--,--,--,--,--,--,20703800,18345600,--,--,2358200,2067100,--,3246400,--,596700,--,3200,1322400,--,1732000,58000,--,--,--,--,--,--,--,--,157200,690100,--,--,475100,-5800,46400,--,-29800,--,--,--,--,744700,200,1200,--,743700,180800,--,562900,562900,--,--,0.41,0.41
2014-12-31,30629800,--,4584100,2581100,430000,--,992500,--,--,--,--,1193700,--,--,--,--,--,--,17863600,--,--,--,--,--,--,100363700,149300,20787400,--,48600,--,11000,788700,407500,381200,--,381200,--,--,--,--,--,--,529300,--,756800,--,--,683400,812300,--,218645900,--,275400,191863400,1355100,425900,266200,--,188300,--,2256800,--,796100,579400,2522900,--,--,--,--,--,--,--,--,--,--,--,--,--,--,--,--,--,--,--,4175000,--,--,2500,--,--,844000,--,205551000,1142500,5227000,--,--,633400,1911500,--,4365600,--,--,13094900,--,13094900,218645900,--,25052900,45300,--,--,--,--,--,10920500,--,--,--,411500,44087600,--,18658300,7021500,--,5853200,--,1217500,1299100,4932500,41555500,2532100,39196800,2435100,700,--,--,--,41632600,383500,46697400,--,--,--,--,47080900,-5448300,--,--,--,5200500,300,5200800,1880000,201900,--,--,2081900,3118900,32500,235200,18110400,18345600,1980200,--,--,1501100,62800,63100,33200,--,--,100,--,-64900,--,600,-2052500,--,-262600,--,--,-22874500,24176200,--,--,--,2532100,--,--,--,415900,373100,17929700,17737300,235200,7340700,--,11920200,--,1970600,--,21300,4716100,--,6615600,232800,--,--,--,--,--,--,--,--,548200,2666800,--,--,1501100,-1000,316800,2800,-38800,--,--,--,--,2624600,4000,9200,--,2619400,639200,--,1980200,1980200,--,--,1.73,1.73
2014-09-30,27732500,--,4856700,1480800,490400,--,1049800,--,--,--,--,1113500,--,--,--,--,--,--,20397500,--,--,--,--,--,--,97416000,247600,20018900,--,47200,--,10100,--,--,--,--,354000,--,--,--,--,--,--,526300,--,756800,--,--,615400,917800,--,214435800,--,135700,187754300,1640700,451200,312000,--,193600,--,1865400,--,698300,552400,2477300,--,--,--,--,--,--,--,--,--,--,--,--,--,--,--,--,--,--,--,4548100,--,--,3000,--,--,1130200,--,201762200,1142500,5227000,--,--,435400,1650900,--,4413400,--,--,12673600,--,12673600,214435800,--,20962500,--,--,--,--,--,--,7989700,--,--,--,397900,33360300,--,15167800,5695400,--,4183800,--,962300,982700,3444400,33871200,-510900,35854100,1817300,700,--,--,--,37672100,215500,40322100,--,--,--,--,40537600,-2865500,--,--,--,4174300,300,4174600,450000,201900,--,--,651900,3522700,29200,175500,18110400,18285900,--,--,--,--,--,--,--,--,--,--,--,--,--,--,--,--,--,--,--,--,--,--,--,--,--,--,--,--,18285900,18110400,--,--,175500,5465100,--,8757000,--,1447300,--,15700,3388000,--,4915200,167600,--,--,--,--,--,--,--,--,412300,2005600,--,--,970100,2700,330500,--,-5300,--,--,--,--,2077100,3000,5300,--,2074800,505400,--,1569400,1569400,--,--,1.37,1.37
2014-06-30,25960400,--,4458200,2521700,274000,--,1085000,--,--,--,--,1064100,--,--,--,--,--,--,29068800,--,--,--,--,--,--,92104800,128700,19884800,--,58300,--,10300,732300,383100,349200,--,349200,--,--,--,--,--,--,529600,--,756800,--,--,478600,667200,--,213647500,--,129900,190121700,1876500,495000,326300,--,227100,--,2038500,--,571500,376500,2121900,--,--,--,--,--,--,--,--,--,--,--,--,--,--,--,--,--,--,--,2160500,--,--,4500,--,--,1103600,--,201553500,1142500,5014000,--,--,435400,1650900,--,3851200,--,--,12094000,--,12094000,213647500,--,23336000,--,--,--,--,--,--,5186100,--,--,--,251500,30793700,--,9450900,5134100,--,2831700,--,710600,690600,3087200,25451300,5342400,22176500,1153700,600,--,--,--,23330800,144700,24707500,--,--,--,--,24852200,-1521400,--,--,--,1648300,--,1648300,300000,201900,--,--,501900,1146400,81300,5048700,18110400,23159100,1007200,--,--,565200,30400,28200,14600,--,--,100,--,-36600,--,300,-971300,--,-48500,--,--,-17378100,22147300,--,--,--,5342400,--,--,--,388800,373100,22770300,17737300,5048700,3473300,--,5695000,--,894100,--,8700,2138800,--,3239600,117000,--,--,--,--,--,--,--,--,268100,1305500,--,--,565200,6800,217300,900,8000,--,--,--,--,1334500,1700,3400,--,1332800,325600,--,1007200,1007200,--,--,0.88,0.88
2014-03-31,25811000,--,4729200,2516500,367500,--,667100,--,--,--,--,1013800,--,--,--,--,--,--,34711400,--,--,--,--,--,--,87401400,71700,19495500,--,59600,--,11400,--,--,--,--,358000,--,--,--,--,--,--,533200,--,756800,--,--,391200,627100,--,209710200,--,179900,188341200,1929200,422700,346800,--,220900,--,1109300,--,448200,440900,1933500,--,--,--,--,--,--,--,--,--,--,--,--,--,--,--,--,--,--,--,1710800,--,--,5600,--,--,891200,--,197980200,952100,5189900,--,--,435400,1650900,--,3501700,--,--,11730000,--,11730000,209710200,--,21559100,--,--,--,--,--,--,2480800,--,--,--,122200,24206800,--,4428800,5773600,--,1422200,--,493200,227900,2346100,18197100,6009700,11259100,605300,--,--,--,--,11864400,123100,10935500,--,--,--,--,11058600,805800,--,--,--,900000,--,900000,--,--,--,--,0,900000,76700,7792200,18110400,25902600,--,--,--,--,--,--,--,--,--,--,--,--,--,--,--,--,--,--,--,--,--,--,--,--,--,--,--,--,25902600,18110400,--,--,7792200,1610000,--,2790400,--,387900,--,4300,938800,--,1635400,67200,--,--,--,--,--,--,--,--,125900,606200,--,--,206700,-84800,218500,--,-3700,--,--,--,--,671200,300,1800,--,669700,164300,--,505400,505400,--,--,0.53,0.53
2013-12-31,22992400,--,2724100,1042100,339700,--,705800,--,--,--,--,1004300,--,--,--,--,--,--,27169200,--,--,--,--,--,--,83212700,46700,19566700,--,59600,--,11600,731200,361800,369400,--,369400,--,--,--,--,--,--,546300,--,756800,--,--,440600,400500,--,189174100,--,226400,166779100,2263300,369200,291400,--,214900,--,3604900,--,601300,420500,1660500,--,--,--,--,--,--,--,--,--,--,--,--,--,--,--,--,--,--,--,810200,--,--,5600,--,--,718700,--,177966000,952100,5173400,--,--,435400,1650900,--,2996300,--,--,11208100,--,11208100,189174100,--,29240300,--,--,--,--,--,--,8301700,--,--,--,206600,41548700,--,12976700,1827200,--,4668700,--,966000,865200,2608800,32381300,9167400,44371300,1734500,2800,--,--,--,46108600,175000,54634700,--,--,--,--,54809700,-8701100,--,--,--,--,--,1473400,800000,182400,--,--,982400,491000,-53600,903700,17206700,18110400,1523100,--,--,689000,59000,54500,26700,--,--,-1000,--,23300,--,-5300,-1575800,--,-34400,-127200,--,-17971800,26546500,--,--,--,9167400,--,--,--,373100,323300,17737300,16883400,903700,5218900,--,9310200,--,1182100,--,15000,3223400,--,5241400,136500,--,--,--,--,--,--,--,--,406500,2127900,--,--,689000,71100,34700,10200,-16300,--,--,--,--,1995500,11100,2600,--,2004000,480900,--,1523100,1523100,--,--,1.86,1.86
2013-09-30,25684500,--,2283300,1437100,135800,--,474100,--,--,--,--,979800,--,--,--,--,--,--,24715400,--,--,--,--,--,--,81769700,5817500,14002000,--,50800,--,18400,--,--,--,--,331200,--,--,--,--,--,--,551000,--,756800,--,--,328800,358100,--,185561900,--,247300,164878800,2034600,360000,166800,--,136300,--,4229800,--,523300,362000,1595000,--,--,--,--,--,--,--,--,--,--,--,--,--,--,--,--,--,--,--,959700,--,--,6600,--,--,570400,--,176070600,819700,3942600,--,--,283000,1363300,--,3082700,--,--,9491300,--,9491300,185561900,--,27342200,--,--,--,--,--,--,6028600,--,--,--,184200,37538000,--,11283900,2410100,--,3303700,--,738000,622800,1441100,27455700,10082300,28724100,1261100,2900,--,--,--,29988100,44800,39514800,--,--,--,--,39559600,-9571500,--,--,--,--,--,0,650000,174400,--,--,824400,-824400,-45200,-358800,17206700,16847900,--,--,--,--,--,--,--,--,--,--,--,--,--,--,--,--,--,--,--,--,--,--,--,--,--,--,--,--,16847900,17206700,--,--,-358800,3734500,--,6748700,--,828000,--,9300,2203800,--,3843100,86500,--,--,--,--,--,--,--,--,293600,1477600,--,--,432600,1700,89800,--,-13400,--,--,--,--,1530700,8600,800,--,1538500,368900,--,1169600,1169600,--,--,1.43,1.43
2013-06-30,23616600,--,3603100,2165400,106000,--,485600,--,--,--,--,916500,--,--,--,--,--,--,30398400,--,--,--,--,--,--,77246700,9174200,10038100,--,52200,--,18700,671900,337200,334700,600,334100,--,--,--,--,--,--,562400,--,756800,--,--,251100,722100,--,182699800,--,126200,157258200,2339800,305600,131800,--,109200,--,9598200,--,430000,284600,1414200,--,--,--,--,--,--,--,--,--,--,--,--,--,--,--,--,--,--,--,959200,--,--,12800,--,--,575800,--,173545600,819700,4022000,--,--,283000,1363300,--,2666200,--,--,9154200,--,9154200,182699800,--,19723300,--,--,--,--,--,--,3860400,--,4926300,--,195000,31913000,--,6609200,1800700,--,2110600,--,525100,403500,960400,29033000,2880000,24428700,878500,1500,--,--,--,25308700,23100,31680200,--,--,--,--,31703300,-6394600,--,--,--,--,--,0,650000,174400,--,--,824400,-824400,-49500,-4388500,17206700,12818200,753100,--,--,260200,28400,27100,12900,--,--,--,--,32300,--,--,-665600,--,-35000,--,--,-19675100,22160100,--,--,--,2880000,--,--,--,393700,323300,12424500,16883400,-4388500,2342600,--,4322600,--,489100,--,6500,1353200,--,2469800,51500,--,--,--,--,--,--,--,--,182400,910600,--,--,260200,-7600,51000,1700,2300,--,--,--,--,989400,1800,600,--,990600,237500,--,753100,753100,--,--,0.92,0.92
2013-03-31,21295200,--,5165800,765300,91300,--,739500,--,--,--,--,945000,--,--,--,--,--,--,34598300,--,--,--,--,--,--,74134500,8193300,10277100,--,52200,--,19300,--,--,--,--,341700,--,--,--,--,--,--,574900,--,756800,--,--,294700,635800,--,181124900,--,140100,158882900,2186100,418000,98800,--,204500,--,6469100,--,344500,200900,1347400,--,--,--,--,--,--,--,--,--,--,--,--,--,--,--,--,--,--,--,958700,--,--,12800,--,126100,859100,--,172249000,512300,4050700,--,--,283000,1363300,--,2666600,--,--,8875900,--,8875900,181124900,--,21349200,--,--,--,--,--,--,1772700,--,1843300,--,283600,27197200,--,3384300,1094100,--,931000,--,358300,191300,177200,25785300,1411900,16799000,488000,--,--,--,--,17287000,4900,21320800,--,--,--,--,21325700,-4038700,--,--,--,--,--,0,650000,37300,--,--,687300,-687300,-14700,-3328800,17206700,13877900,--,--,--,--,--,--,--,--,--,--,--,--,--,--,--,--,--,--,--,--,--,--,--,--,--,--,--,--,13877900,17206700,--,--,-3328800,1080200,--,2024600,--,202900,--,1400,608500,--,1153900,22400,--,--,--,--,--,--,--,--,85500,418400,--,--,104600,2100,24000,--,1500,--,--,--,--,471700,300,200,--,471800,112900,--,358900,358900,--,--,0.7,0.7
2012-12-31,21934748,--,6542600,423745,96666,--,836414,--,--,--,--,875708,--,--,--,--,--,--,18647280,--,--,--,--,--,--,70826239,8989587,10312418,--,52180,--,19637,667382,313109,354273,629,353644,--,--,--,--,--,--,587838,--,756830,--,--,344964,296851,--,160653676,--,1616792,137533051,3906812,172231,95226,--,305178,--,4614777,--,486311,229864,1152591,--,--,--,--,--,--,--,--,--,--,--,--,--,--,--,--,--,--,--,1607861,--,--,12768,--,127190,313148,--,152173799,512335,4013532,--,--,283046,1363293,--,2307672,--,--,8479878,--,8479878,160653676,--,36906089,1501132,--,--,--,--,--,6551772,--,685965,--,234741,57128743,--,7818558,5698477,--,3956336,--,717621,811303,1170964,38544897,18583846,21320213,1165552,11078,--,--,--,22496842,142201,30099244,--,259098,--,--,30500543,-8003701,--,--,--,--,--,0,--,148801,--,--,148801,-148801,-15289,10416056,6790637,17206692,1351078,--,--,313061,53240,50150,22247,--,--,922,--,8504,--,3672,-898593,--,-34775,-1468,--,-15924084,33660442,--,--,--,18583846,--,--,--,323336,223557,16883357,6567080,10416056,3974865,--,7461368,--,644952,--,15477,2220699,--,4157832,72824,--,--,--,--,--,--,--,--,341199,1566439,--,--,313061,-2922,62319,4300,24327,--,--,--,--,1754166,9775,8849,--,1755092,404014,--,1351078,1340270,--,10808,2.62,2.62
2012-09-30,18247407,--,1740154,692544,69130,--,9840278,--,--,--,--,816542,--,--,--,--,--,--,13365395,--,--,--,--,--,--,69323808,8073396,10593139,--,53580,--,25033,--,--,--,--,318225,--,--,--,--,--,--,568938,--,756830,--,--,332835,505889,--,147753074,--,2581743,125514417,1018010,106569,71572,--,2976877,--,3394454,--,414335,218135,1137036,--,--,--,--,--,--,--,--,--,--,--,--,--,--,--,--,--,--,--,1607217,--,--,8660,--,127366,404096,--,139580486,512335,4022724,--,--,283046,1179915,--,2174569,--,--,8172589,0,8172589,147753074,--,24888924,2466871,--,--,--,--,--,4897911,0,--,--,202573,39674902,--,8302852,5000814,--,2929630,--,552760,628347,1170930,31396691,8278211,13980555,806236,0,--,--,--,14786791,32814,18413006,--,257498,--,--,18703318,-3916527,--,--,--,0,--,0,--,88986,--,--,88986,-88986,-1171,4271528,6790637,11062165,--,--,--,--,--,--,--,--,--,--,--,--,--,--,--,--,--,--,--,--,--,--,--,--,--,--,--,--,11062165,6790637,--,--,4271528,2953167,--,5617419,--,466036,--,7915,1617159,--,3161406,50480,--,--,--,--,--,--,--,--,256973,1138714,--,--,221472,-3365,59735,--,17313,--,--,--,--,1336008,7312,2109,--,1341211,306614,--,1034597,1023789,--,10808,2,2
2012-06-30,18041444,--,2631962,545960,80298,--,12310958,--,--,--,--,855230,--,--,--,--,--,--,11719540,--,--,--,--,--,--,67107551,8022951,10822395,--,53580,--,25373,614491,289123,325368,629,324739,--,--,--,--,--,--,578505,--,756830,--,--,296435,479441,--,149062285,--,2624018,127330410,719732,39860,73159,--,2631028,--,3667433,--,360975,176561,1043983,--,--,--,--,--,--,--,--,--,--,--,--,--,--,--,--,--,--,--,1606807,--,--,8660,--,145366,652034,--,141080024,512335,4128803,--,--,283046,1179915,--,1878162,--,--,7982261,--,7982261,149062285,--,26704917,2509868,--,--,--,--,--,3225878,--,--,--,156455,37345061,--,6088991,4803145,--,1971455,--,402416,460995,679192,22942083,14402978,9583121,523540,--,--,--,--,10106660,19565,12271506,--,229730,--,--,12520801,-2414141,--,--,--,--,--,0,--,88306,--,--,88306,-88306,14267,11914798,6790637,18705434,686956,--,--,157023,25977,22041,10338,--,--,--,--,958,--,-1718,50070,-476169,-7459,897,--,-8759235,22701059,--,--,--,14402978,--,--,--,226877,223557,18478558,6567080,11914798,1962553,--,3722684,--,309972,--,6551,1078863,--,2107025,32043,--,--,--,--,--,--,--,--,173567,748273,--,--,157023,-1136,45188,1500,18362,--,--,--,--,883690,5874,1699,--,887865,200909,--,686956,676149,--,10808,1.32,1.32
2012-03-31,17189895,--,1845195,331377,50787,--,15984350,--,--,--,--,840153,--,--,--,--,--,--,3957221,--,--,--,--,--,--,64010712,7991749,10958508,--,53929,--,25728,--,--,--,--,342586,--,--,--,--,--,--,588528,--,756830,--,--,285056,457111,--,136800507,--,125690,116409039,1397924,18907,43425,--,4857485,--,2201694,--,299140,277010,1089543,--,--,--,--,--,--,--,--,--,--,--,--,--,--,--,--,--,--,--,1606133,--,--,11225,--,137333,430218,--,128904764,512335,4161326,--,--,283046,795490,--,1929332,--,--,7681529,214213,7895742,136800507,--,15784097,12049,--,--,--,--,--,1595061,--,--,--,56082,19226932,--,2993413,1600191,--,909778,--,269281,158636,506888,11544150,7682782,3266739,239585,--,--,--,--,3506324,4545,4837128,--,--,--,--,4841672,-1335348,--,--,--,--,--,0,--,37456,--,--,37456,-37456,3528,6313505,6790637,13104141,--,--,--,--,--,--,--,--,--,--,--,--,--,--,--,--,--,--,--,--,--,--,--,--,--,--,--,--,13104141,6790637,--,--,6313505,972388,972388,1836648,--,159627,--,3140,525887,525887,1041142,14832,--,--,--,--,--,--,--,--,85999,371292,--,--,68596,-924,21456,--,8415,--,--,--,--,446501,1407,173,--,447735,98187,--,349549,342895,--,6654,0.67,0.67
2011-12-31,16063524,--,844657,260790,81058,--,17058901,--,--,--,--,727419,--,--,--,--,--,--,3430389,--,--,--,--,--,--,61007534,7838353,10768308,--,53929,--,26279,626956,273901,353055,629,352427,--,--,--,--,--,--,598973,--,756830,--,--,288976,297704,--,125817694,--,113088,100625492,2527935,--,73242,--,7056073,--,3919737,--,360035,253581,991366,--,--,--,--,--,--,--,--,--,--,--,--,--,--,--,--,--,--,--,1605449,--,--,11225,--,135106,607307,--,118279636,512335,4153775,--,--,283046,795490,--,1586438,--,--,7331084,206975,7538058,125817694,--,12604658,--,--,--,--,--,--,4051111,1612088,--,--,433438,29927265,--,6700385,4644664,--,2266303,--,528727,511578,608195,31371202,-1443937,19800347,659099,1003,--,--,--,23596267,84980,22627560,--,--,--,--,22712540,883727,--,--,--,365000,--,634005,--,56220,--,--,56220,577786,-41720,-24144,6814781,6790637,1039049,--,--,214857,45702,28689,16595,--,--,-247,--,-2114,--,2928,75885,-619069,-76897,2630,--,-23544354,21371350,--,--,--,-1443937,--,--,--,223557,83655,6567080,6731126,-24144,2964306,2964306,5233070,--,412960,--,13288,1651036,1651036,2704092,46493,--,--,--,--,--,--,--,--,250634,1185544,--,--,214857,601,28475,4500,26498,--,--,--,--,1313270,17442,4963,--,1325749,286700,--,1039049,1027863,--,11186,2.47,2.47
2011-09-30,13699353,--,803501,1654546,62209,--,11035247,--,--,--,--,555447,--,--,--,--,--,--,7194073,--,--,--,--,--,--,59871661,7839267,10883604,--,41729,--,26053,--,--,--,--,340677,--,--,--,--,--,--,602159,--,756830,--,--,292755,254824,--,120721250,--,101220,99543667,987351,--,54077,--,4696338,--,4615174,--,270244,214617,872699,--,--,--,--,--,--,--,--,--,--,--,--,--,--,--,--,--,--,--,1604695,--,--,10530,--,141132,440881,--,113552624,512335,4052631,--,--,191234,597778,--,1616817,--,--,6970795,197832,7168626,120721250,--,11529756,--,--,--,--,--,--,2676739,50034,412777,--,198198,22345886,--,5524269,2807507,--,1400545,--,385968,365503,310501,20559723,1786163,10188164,341157,344,--,--,--,10529665,35097,13921701,--,--,--,--,13956798,-3427133,--,--,--,365000,--,634005,--,47383,--,--,47383,586622,--,-1054348,8487625,7433278,--,--,--,0,--,--,--,--,--,--,--,--,--,--,--,--,--,--,--,--,--,--,--,--,--,--,--,--,7433278,8487625,--,--,-1054348,2070140,2070140,3499946,--,272564,--,9395,1088254,1088254,1731847,29575,--,--,--,--,--,--,--,--,168461,795797,--,--,123996,-1565,27721,--,23501,--,--,--,--,981886,14535,3977,--,992444,217937,--,774508,768718,--,5790,2.01,2.01
2011-06-30,9549160,--,887756,115775,45154,--,2832022,--,--,--,--,301125,--,--,--,--,--,--,11013305,--,--,--,--,--,--,44099098,3698305,7834506,--,40741,--,53972,436964,200403,236561,629,235932,--,--,--,--,--,--,18565,--,--,--,--,207117,267678,--,85205703,--,152423,75328715,533571,--,36432,--,1251831,--,1498941,--,185728,138537,464203,--,--,--,--,--,--,--,--,--,--,--,--,--,--,--,--,--,--,--,1312510,--,--,2051,--,11531,473990,--,81390463,348501,1330472,--,--,191234,597778,--,1347254,--,--,3815240,--,3815240,85205703,--,10803384,--,--,--,--,--,--,1427263,--,--,--,156308,13127122,--,4038431,1579404,--,785036,--,251080,211985,232136,9969732,3157390,4438560,165719,154,--,--,--,4604432,9538,6761788,--,--,--,--,6771326,-2166894,--,--,--,365000,--,365000,--,46508,--,--,46508,318493,--,1308989,6814781,8123770,473175,--,--,73068,17775,3120,6329,--,--,84,--,-2249,--,1773,32946,-212537,-8081,816,--,-8551415,11326291,--,--,--,3157390,--,--,--,118912,83655,8004858,6731126,1308989,1214059,1214059,1954046,--,133004,--,6447,609070,609070,914824,14240,--,--,--,--,--,--,--,--,95309,440693,--,--,73068,-787,35246,2900,15167,--,--,--,--,604989,3926,2331,--,606585,133410,--,473175,473175,--,--,1.36,1.36
2011-03-31,7933548,--,714176,202015,46464,--,1944632,--,--,--,--,287664,--,--,--,--,--,--,13693260,--,--,--,--,--,--,41569576,3323973,7041280,--,40439,--,55262,--,--,--,--,239425,--,--,--,--,--,--,18896,--,--,--,--,183352,193579,--,80756345,--,309870,72304434,486340,--,37652,--,754164,--,1324786,--,135722,131505,389010,--,--,--,--,--,--,--,--,--,--,--,--,--,--,--,--,--,--,--,947404,--,--,666,--,11670,328115,--,77161337,348501,1343194,--,--,191234,597778,--,1114300,--,--,3595007,--,3595007,80756345,0,7781198,84689,--,--,--,--,0,602964,0,0,0,183053,8893986,0,1486852,768076,--,360713,--,170862,80850,282569,6759331,2134655,2485060,36784,8,0,0,--,2521852,3067,3296988,--,0,0,--,3300055,-778203,0,--,0,0,0,0,0,37255,--,0,37255,-37255,0,1319197,6814781,8133978,0,0,--,0,0,0,0,0,0,0,0,0,--,0,0,0,0,0,0,0,0,--,--,0,0,0,0,0,8133978,6814781,0,0,1319197,581504,581504,921984,--,54387,--,3159,275508,275508,411551,6217,--,--,--,--,--,--,--,--,44606,206787,--,--,24116,830,12452,--,6461,--,--,--,--,305996,1567,653,--,306910,66690,--,240220,240220,--,--,0.69,0.69
2010-12-31,7658686,--,847599,--,37173,--,1372742,--,--,--,--,212149,--,--,--,--,--,--,9826343,--,--,--,--,--,--,40096608,3153418,6137984,--,40439,--,53981,434039,186405,247634,629,247005,--,--,--,--,--,--,19158,--,--,--,--,195457,159683,--,72761007,--,223768,64528240,620017,--,31181,--,512082,--,1758867,--,187860,112512,392007,--,--,--,--,--,--,--,--,--,--,--,--,--,--,--,--,--,--,--,946949,--,--,305,--,10308,85624,--,69409719,348501,1339694,--,--,191234,597778,--,874080,--,--,3351288,--,3351288,72761007,--,11650752,221820,--,--,--,--,--,2120694,--,370175,--,306966,15097401,--,4657594,1876483,--,857982,--,374763,288596,344681,12922771,2174630,11013355,327500,995,--,--,--,11341850,83790,12724114,--,--,--,--,12807904,-1466054,--,--,--,--,--,693113,--,54886,--,--,57256,635857,--,1344433,5470348,6814781,628382,--,--,148812,32221,5246,11778,--,--,-60,--,-1800,--,147,-275693,--,-32907,907,--,-11015174,12672770,--,--,--,2174630,--,--,--,83655,77917,6731126,5392431,1344433,1802228,1802228,2625179,--,183638,--,14750,1017272,1017272,1042260,25123,--,--,--,--,--,--,--,--,132460,736001,--,--,148812,1800,22853,6082,21392,--,--,--,--,784956,16532,1685,--,799802,171421,--,628382,628382,--,--,1.91,1.91
2010-09-30,6663149,0,781042,55406,32030,0,1000309,0,0,0,0,224332,0,0,0,0,0,0,7361530,0,0,0,0,0,0,39262054,3999811,4467248,0,38439,0,52962,0,0,0,0,240361,0,0,0,0,0,0,16483,0,0,0,0,175930,149856,0,67506388,0,209927,59968131,1170301,0,26590,0,148362,0,1035422,0,162825,82166,354913,0,0,0,0,0,0,0,0,0,0,0,0,0,0,0,0,0,0,0,946779,0,0,171,0,11365,175024,0,64291974,348501,1357808,0,0,128396,467628,0,912081,0,0,3214414,0,3214414,67506388,--,7090643,209927,--,--,--,--,--,1765377,413289,--,--,302959,9845468,--,3907126,877793,--,619878,--,297630,226470,270398,8787489,1057979,10440052,218505,125,--,--,--,10658682,58941,11346280,--,--,--,--,11405221,-746538,--,--,--,--,--,690727,--,46440,--,--,48777,641950,--,953391,5470348,6423739,--,--,--,--,--,--,--,--,--,--,--,--,--,--,--,--,--,--,--,--,--,--,--,--,--,--,--,--,6423739,5470348,--,--,953391,1315964,1315964,1881251,--,133247,--,10469,724014,724014,735252,18270,--,--,--,--,--,--,--,--,94602,549032,--,--,80380,-1047,31357,--,14210,--,--,--,--,591950,10607,1172,--,601385,127991,--,473394,473394,--,--,1.46,1.46
2010-06-30,6150522,0,531876,54314,20161,0,987005,0,0,0,0,200635,0,0,0,0,0,0,5496150,0,0,0,0,0,0,36848847,4105895,3749631,0,38439,0,55031,389493,175478,214015,629,213386,0,0,0,0,0,0,16048,0,0,0,0,176824,151132,0,62439818,0,120390,55412822,497810,0,15695,0,209860,0,1530249,0,141500,64632,283052,0,0,0,0,0,0,0,0,0,0,0,0,0,0,0,0,0,0,0,946637,0,0,337,0,10249,164475,0,59397707,348501,1355587,0,0,128396,467628,0,741999,0,0,3042111,0,3042111,62439818,0,2535334,120390,0,0,0,0,0,1146239,0,156910,0,199199,4311573,0,1428743,417748,0,427357,0,215379,165769,170320,4614917,-303344,8910737,142656,347,0,0,0,9053740,27241,9210338,0,0,0,0,9237579,-183839,0,0,0,693113,0,693113,0,45970,0,0,45970,647143,0,159960,5470348,5630308,303312,0,0,49391,15104,2420,5477,0,0,-13,0,765,0,1,-133037,0,-18531,-1,0,-3345101,2738186,0,0,0,-303344,0,0,0,79300,77917,5551009,5392431,159960,849611,849611,1217960,--,86473,--,7350,469128,469128,477038,11490,--,--,--,--,--,--,--,--,60689,359048,--,--,49391,-765,17238,4082,9884,--,--,--,--,380483,7540,848,--,387175,83863,--,303312,303312,--,--,0.98,0.98
2010-03-31,5648850,0,501573,135241,11058,0,770773,0,0,0,0,195724,0,0,0,0,0,0,5720913,0,0,0,0,0,0,36760432,3830861,3622993,0,36431,0,53663,0,0,0,0,191895,0,0,0,0,0,0,14705,0,0,0,0,153264,190588,0,61992763,0,0,55833703,900000,0,4285,0,141849,0,1236801,0,107255,72955,262467,0,0,0,0,0,0,0,0,0,0,0,0,0,0,0,0,0,0,0,946620,0,0,337,0,12306,263202,0,59781780,310543,707917,0,0,128396,467628,0,596499,0,0,2210983,0,2210983,61992763,--,2956215,--,--,--,--,--,--,552580,142988,--,--,151477,3956118,--,1251965,--,--,205748,--,150159,57728,105985,3095155,860964,5306719,30563,--,--,--,--,5337282,10405,6001963,--,--,--,--,6012368,-675087,--,--,--,--,--,--,--,37003,--,--,37003,-37003,--,148875,5470348,5619223,--,--,--,--,--,--,--,--,--,--,--,--,--,--,--,--,--,--,--,--,--,--,--,--,--,--,--,--,5619223,5470348,--,--,148875,408425,408425,593470,--,36670,--,2879,208910,208910,232441,4909,--,--,--,--,--,--,--,--,28474,168489,--,--,11947,1682,5855,--,5219,--,--,--,--,199515,308,121,--,199702,41890,--,157812,157812,--,--,0.51,0.51
2009-12-31,5424395,0,536114,113205,10000,0,478216,0,0,0,0,162570,0,0,0,0,0,0,4092340,0,0,0,0,0,0,35556255,3699841,3458544,0,39271,0,52385,335631,163556,172075,629,171446,0,0,0,0,0,0,15679,0,0,0,0,158293,210258,0,58781103,0,0,52877488,757012,0,2154,0,85088,0,1373338,0,168173,65229,268216,0,0,0,0,0,0,0,0,0,0,0,0,0,0,0,0,0,0,0,946271,0,0,336,0,9453,181385,0,56734143,310543,701707,0,0,128396,467628,0,438687,0,0,2046961,0,2046961,58781103,0,13219781,0,0,0,0,0,0,2071380,19012,0,0,145973,15775346,0,7623081,356265,0,901950,0,291364,260212,262585,12555985,3219361,13926964,249027,67,0,0,0,14176059,98525,15641655,0,0,0,0,15740180,-1564121,0,0,0,150000,0,150000,0,46356,0,981,47337,102663,0,1757903,3712446,5470348,503073,0,0,157509,26413,3603,9173,0,0,-29,0,133,0,-351,41085,-309383,22888,-1097,0,-8010660,10717384,0,0,0,3219361,0,0,0,77917,98186,5392431,3614260,1757903,1511444,1511444,2198551,--,138697,--,12871,895531,895531,900114,20619,--,--,--,--,--,--,--,--,106913,631109,--,--,157509,-133,58029,1834,24162,--,--,--,--,615913,5581,2440,--,619054,115981,--,503073,503073,--,--,1.62,1.62
2009-09-30,4542918,0,841667,140818,17361,0,469015,0,0,0,0,166096,0,0,0,0,0,0,3602692,0,0,0,0,0,0,35689906,3400291,2715006,0,39699,0,45408,0,0,0,0,178903,0,0,0,0,0,0,11814,0,0,0,0,170695,217296,0,55426468,0,0,49448061,857007,0,2304,0,45730,0,1574742,0,129205,67535,252131,0,0,0,0,0,0,0,0,0,0,0,0,0,0,0,0,0,0,0,946033,0,0,338,0,10463,184077,0,53517625,310543,702921,0,0,78089,358330,0,458961,0,0,1908844,0,1908844,55426468,--,9790354,--,--,--,--,--,--,1549457,--,--,--,160136,12173132,--,7689411,432623,--,736849,--,227162,238484,526103,12198915,-25783,11037708,190732,83,--,--,--,11228524,68588,10568129,--,--,--,--,10636716,591807,--,--,--,150000,--,150000,--,37838,--,964,38802,111198,--,677222,3712446,4389668,--,--,--,--,--,--,--,--,--,--,--,--,--,--,--,--,--,--,--,--,--,--,--,--,--,--,--,--,4389668,3712446,--,--,677222,1111395,1111395,1641912,--,92882,--,9260,658750,658750,685903,14719,--,--,--,--,--,--,--,--,76811,444392,--,--,137548,-4465,55667,--,16762,--,--,--,--,452645,3073,1654,--,454064,90322,--,363742,363742,--,--,1.17,1.17
2009-06-30,4222817,0,799834,178539,16235,0,291157,0,0,0,0,171140,0,0,0,0,0,0,3795794,0,0,0,0,0,0,33905689,4101572,2429297,0,39699,0,41472,320740,154017,166723,629,166094,0,0,0,0,0,0,10921,0,0,0,0,164868,310622,41170234,54122574,0,0,45935197,1417095,531,3132,0,20411,0,3333024,0,121534,69639,245586,0,0,0,0,0,0,0,0,0,0,0,0,0,0,0,0,0,0,0,945903,0,0,446,0,16736,214600,0,52323834,310543,725420,0,0,78089,358330,0,326358,0,0,1798739,0,1798739,54122574,--,6277490,--,--,--,--,--,--,1051397,679095,--,--,45132,8424607,--,5866253,423499,--,502857,--,162303,150978,375642,8040120,384487,3790114,86340,25,--,--,--,3876479,25243,3680959,--,--,--,--,3706202,170277,--,--,--,150000,--,150000,964,37682,--,--,38646,111354,--,666117,3712446,4378563,231139,--,--,105592,12931,1574,4280,--,--,-8,--,4101,--,-240,-156008,--,16313,-882,--,-6252304,6383440,--,--,--,384487,--,--,--,79314,98186,4299249,3614260,666117,749085,749085,1117129,--,56981,--,6048,456932,456932,480776,9175,--,--,--,--,--,--,--,--,52235,294294,--,--,110403,-4101,50754,1834,12223,--,--,--,--,292153,1843,1048,--,292948,61809,--,231139,231139,--,--,0.74,0.74
2009-03-31,3954528,--,983670,136392,20025,--,136462,--,--,--,--,194631,--,--,--,--,--,--,3247499,--,--,--,--,--,--,31687468,4632326,1921874,--,40239,--,39788,--,--,--,--,166188,--,--,--,--,--,--,10943,--,--,--,--,173838,175282,--,52187940,--,--,43869798,1955159,3964,3605,--,4278,--,3138666,--,98445,111517,255184,--,--,--,--,--,--,--,--,--,--,--,--,--,--,--,--,--,--,--,796902,--,--,889,--,24126,218194,--,50480727,310543,752825,--,--,78088,358330,--,207427,--,--,1707213,--,1707213,52187940,--,4212091,--,--,--,--,--,--,546187,1217159,--,--,124455,6325729,--,3585580,1114904,--,307546,--,102682,80230,51198,6055090,270639,2142905,33173,1395,--,--,--,2177472,8493,2420365,--,--,--,--,2428858,-251387,--,--,--,--,--,--,--,25419,--,--,25419,-25419,--,-6167,3712446,3706279,--,--,--,--,--,--,--,--,--,--,--,--,--,--,--,--,--,--,--,--,--,--,--,--,--,--,--,--,3706279,3712446,--,--,-6167,376060,376060,587267,--,24129,--,2878,224697,224697,257341,4548,--,--,--,--,--,--,--,--,25937,146569,--,--,52191,-2729,18593,--,7812,--,--,--,--,151363,119,-230,--,151712,39504,--,112208,112208,--,--,0.36,0.36
2008-12-31,3976790,0,923668,4144,29075,0,135959,0,0,0,0,160564,0,0,0,0,0,0,3473335,0,0,0,0,0,0,28171469,4879972,1558476,0,41739,0,41169,312619,144498,168121,629,167492,0,0,0,0,0,0,11392,0,0,0,0,181182,161589,35214479,47444017,0,0,39657707,738000,3942,5860,0,50748,0,3891612,0,124742,119785,296322,0,0,0,0,0,0,0,0,0,0,0,0,0,0,0,0,0,0,0,796428,0,0,2581,0,34168,82044,0,45803938,310543,797898,0,0,78089,358330,0,95219,0,0,1640079,0,1640079,47444017,--,8291133,--,--,--,--,--,--,2469123,508000,2244853,--,207623,13720731,--,7422035,1478298,--,1281350,--,236309,182149,412459,11286470,2434261,10470111,150995,4298,6100,--,--,10631503,83800,13369135,--,--,--,--,13452935,-2821432,--,--,--,800000,--,1060234,--,10171,--,--,16158,1044076,--,656904,3055542,3712446,61404,--,--,733416,21193,2085,7811,--,--,16,--,-6580,--,2971,--,-269427,-83029,-878,--,-9054789,11022949,--,--,--,2434261,--,--,--,98186,106224,3614260,2949317,656904,1451312,1451312,2646526,--,105665,--,11394,1370969,1370969,1386738,20526,--,--,--,--,--,--,--,--,115167,522387,--,--,733416,6580,42156,2268,46254,--,--,--,--,80343,5231,6313,--,79261,17857,--,61404,61404,--,--,0.2,0.2
2008-09-30,4598279,0,587902,140365,19546,0,249881,0,0,0,0,148519,0,0,0,0,0,0,4390683,0,0,0,0,0,0,25307636,4800908,1539387,0,39038,0,43630,0,0,0,0,151146,0,0,0,0,0,0,7053,0,0,0,0,67032,224595,0,44145440,0,0,38969817,307983,3921,7832,0,104562,0,1574700,0,101823,94490,293940,0,0,0,0,0,0,0,0,0,0,0,0,0,0,0,0,0,0,0,647099,0,0,5236,0,16521,180052,0,42307974,238880,716987,0,0,93386,332433,0,455780,0,0,1837466,0,1837466,44145440,0,7603243,0,0,0,0,0,0,1812130,77983,0,0,937176,10430532,0,3924990,817500,0,921460,0,181194,134180,412704,6475965,3954567,10006488,143919,1824,0,0,0,10152231,47770,13118818,0,0,0,0,13166588,-3014356,0,0,0,648050,0,828596,0,1472,0,0,2392,826204,0,1766415,3055541,4821956,0,0,0,0,0,0,0,0,0,0,0,0,0,0,0,0,0,0,0,0,0,0,0,0,0,0,0,0,4821956,3055541,0,0,1766415,1074141,1074141,1991913,--,80828,--,9701,637720,637720,1044033,14320,--,--,--,--,--,--,--,--,85924,374019,--,--,177778,3427,7685,--,38941,--,--,--,--,436420,2879,7833,--,431467,99768,--,331699,331699,--,--,1.42,1.41
2008-06-30,4790359,0,972614,159664,27901,0,259260,0,0,0,0,151032,0,0,0,0,0,0,5919095,0,0,0,0,0,0,24023325,3685754,1627149,0,46401,0,43880,292937,143584,149353,1,149352,0,0,0,0,0,0,6533,0,0,0,0,67261,295587,0,44182348,0,0,39556145,130000,54509,20029,0,175864,0,1118774,0,94039,69339,267610,0,0,0,0,0,0,0,0,0,0,0,0,0,0,0,0,0,0,0,647035,0,0,6082,0,21098,327494,0,42488019,238880,691167,0,0,93387,332433,0,338464,0,0,1694330,0,1694330,44182348,--,8189571,--,--,--,--,--,--,1253880,--,--,--,207913,9651363,--,2628733,1412467,--,602792,--,126767,95598,272141,8722666,928697,4793838,35664,1287,--,--,--,4830789,9863,6241814,--,--,--,--,6251677,-1420888,--,--,--,648050,--,775476,--,738,--,--,1658,773819,--,281628,3055542,3337169,214383,--,--,121380,10342,1014,3758,--,--,-141,--,-5750,--,1340,10950,-84448,32520,11144,--,-7234115,7865674,--,--,--,928697,--,--,--,113362,106224,3223808,2949317,281628,711525,711525,1319546,--,47000,--,11462,427426,427426,689291,8946,--,--,--,--,--,--,--,--,56817,249229,--,--,121380,-277,1149,475,30882,--,--,--,--,284100,1311,2844,--,282567,68183,--,214383,214383,--,--,0.93,0.92
2008-03-31,4858808,--,556781,144379,37415,--,--,--,--,--,--,144992,--,--,--,--,--,--,6374802,--,--,--,--,--,--,22787138,2328602,1599602,--,27195,--,44547,--,--,--,--,151036,--,--,--,--,--,--,6507,--,--,--,--,67780,143811,--,40947392,--,--,36240574,413768,54214,33864,--,--,--,1553063,--,73447,44287,196063,--,--,--,--,--,--,--,--,--,--,--,--,--,--,--,--,--,--,--,648241,--,--,7745,--,22831,255158,--,39543254,229341,524479,--,--,71948,271570,--,306800,--,--,1404138,--,1404138,40947392,--,4874000,--,--,--,--,--,--,594020,149739,--,--,116063,5733820,--,1244801,283525,--,305445,--,88032,59412,3077836,5351211,382609,557032,17051,180,--,--,--,574263,4868,1176147,--,--,--,--,1181015,-606752,--,--,--,648050,--,648050,--,--,--,--,--,648050,--,423907,3055541,3479448,--,--,--,--,--,--,--,--,--,--,--,--,--,--,--,--,--,--,--,--,--,--,--,--,--,--,--,--,3479448,3055541,--,--,423907,355327,355327,643425,--,19670,--,7047,217692,217692,328892,4635,--,--,--,--,--,--,--,--,28263,131101,--,--,58328,2472,231,--,16008,--,--,--,--,137635,455,179,--,137911,37492,--,100418,100418,--,--,0.44,0.43
2007-12-31,4072639,0,264266,147763,29182,0,0,0,0,0,0,112637,0,0,0,0,0,0,3376893,0,0,0,0,0,0,21578963,1785089,1591149,0,25195,0,44110,295885,140457,155428,0,155428,0,0,0,0,0,0,6773,0,0,0,0,99439,217224,0,35253936,0,0,31366574,264030,124666,25517,0,0,0,1646758,0,92541,81976,172807,0,0,0,0,0,0,0,0,0,0,0,0,0,0,0,0,0,0,0,0,0,0,7745,0,9854,160862,0,33953330,229341,521365,0,0,71948,271570,0,206382,0,0,1300606,0,1300606,35253936,--,6439017,--,--,--,--,--,--,1668574,264030,--,--,1694298,10065919,--,4208386,1558232,--,779956,--,181955,178475,1373100,8360761,1705158,11137141,68064,12824,--,--,--,11218030,37220,12353988,--,--,--,--,12391207,-1173178,--,--,--,--,313637,313637,--,2086,--,1312,3398,310239,--,842219,2213323,3055542,264990,--,--,205376,20665,1428,--,--,--,-1470,--,-8217,--,2400,--,-148425,-11876,--,--,-7128721,8550321,--,--,--,1705158,--,--,--,106224,90908,2949317,2122415,842219,1080750,1080750,1804390,--,66775,--,16497,503180,503180,843805,14704,--,--,--,--,--,--,--,--,82431,420749,--,--,205376,8217,20098,--,23282,--,--,--,--,372194,8972,3989,--,377178,112187,--,264990,264990,--,--,1.27,1.22
2007-09-30,3222422,--,481572,154713,15933,--,--,--,--,--,--,85985,--,--,--,--,--,--,3922689,--,--,--,--,--,--,20722720,2029651,1600035,--,25204,--,47990,--,--,--,--,150647,--,--,--,--,--,--,4104,--,--,--,--,86603,150096,--,34052694,--,--,31379420,210902,127091,15723,--,--,--,999356,--,72749,54541,162289,--,--,--,--,--,--,--,--,--,--,--,--,--,--,--,--,--,--,--,--,--,--,7030,--,16013,171225,--,33216339,208676,155408,--,--,56689,257970,--,157612,--,--,836355,--,836355,34052694,--,6451863,--,--,--,--,--,--,1136947,210902,925254,--,60819,8786015,--,3296911,998418,--,481110,--,129284,142321,120617,6727591,2058424,--,87432,7248874,--,--,--,7336306,8284224,--,--,--,--,--,8284224,-947918,--,--,--,--,--,--,--,1267,--,--,1267,-1267,--,1109239,2213323,3322562,--,--,--,--,--,--,--,--,--,--,--,--,--,--,--,--,--,--,--,--,--,--,--,--,--,--,--,--,3322562,2213323,--,--,1109239,776719,776719,1242802,--,41750,--,10519,351509,351509,549145,9558,--,--,--,--,--,--,--,--,57756,293753,--,--,147568,5178,20349,--,14824,--,--,--,--,277643,2838,2181,--,278299,90937,--,187362,187362,--,--,0.9,0.88
2007-06-30,2749131,0,273352,187328,9253,0,0,0,0,0,0,75121,0,0,0,0,0,0,3302160,0,0,0,0,0,0,20038132,2061649,1581936,0,25195,0,46103,298233,145754,152479,0,152479,0,0,0,0,0,0,2973,0,0,0,0,89013,150358,0,31405601,0,8641,29090019,217538,128461,10403,0,0,0,715458,0,62984,45320,138090,0,0,0,0,0,0,0,0,0,0,0,0,0,0,0,0,0,0,0,0,0,0,6967,0,20527,191347,0,30635753,208676,163861,0,0,56689,257970,0,82651,0,0,769848,0,769848,31405601,--,4162461,8641,--,--,--,--,--,700399,217538,--,--,663296,5752335,--,2595719,633030,--,280201,--,92254,91678,670799,4435264,1317071,5660045,54653,--,--,1689,--,5716387,9705,5964001,--,--,--,--,5973706,-257319,--,--,--,--,--,--,--,1264,--,--,1264,-1264,--,1058488,2213323,3271811,112398,--,--,99749,10270,615,3729,--,--,29,--,-1299,--,1422,--,-60500,12433,-5542,--,-3992260,5136029,--,--,--,1317071,--,--,--,84381,90908,3187429,2122415,1058488,489072,489072,762122,--,26275,--,6834,221145,221145,318713,5324,--,--,--,--,--,--,--,--,35322,185824,--,--,99749,1299,6585,--,9993,--,--,--,--,168178,2684,1869,--,168992,56594,--,112398,112398,--,--,0.54,0.54
2007-03-31,2365272,--,717342,217129,4010,--,--,--,--,--,--,83050,--,--,--,--,--,--,2223148,--,--,--,--,--,--,18530199,2130438,1747341,--,20274,--,44072,--,--,--,--,168096,--,--,--,--,--,--,2478,--,--,--,--,97125,203330,--,28765861,--,--,26945048,5154,162083,3223,--,--,--,378048,--,45627,57257,107862,--,--,--,--,--,--,--,--,--,--,--,--,--,--,--,--,--,--,--,--,--,--,5545,--,23124,322282,--,28055252,194582,162249,--,--,45449,167970,--,140359,--,--,710609,--,710609,28765861,--,2017491,--,--,--,--,--,--,314618,5154,303947,--,205142,2846352,--,1046814,363875,--,130291,--,60918,34486,91000,2474416,371936,--,14647,2661017,--,--,--,2675664,3042915,--,--,--,--,--,3042915,-367252,--,--,--,--,--,--,--,--,--,--,--,--,--,4685,1800752,1805436,--,--,--,--,--,--,--,--,--,--,--,--,--,--,--,--,--,--,--,--,--,--,--,--,--,--,--,--,1805436,1800752,--,--,4685,235213,235213,357640,--,10432,--,2523,105507,105507,143899,2200,--,--,--,--,--,--,--,--,16711,88796,--,--,47904,298,5363,--,5055,--,--,--,--,81802,330,58,--,82127,28619,--,53508,53508,--,--,0.27,0.27
2006-12-31,2628818,--,336918,42736,2276,--,--,--,--,--,--,67570,--,--,--,--,--,--,1127177,--,--,--,--,--,--,17524481,1805234,1754819,--,24767,--,46066,290858,136579,154279,--,154279,--,--,--,--,--,--,2657,--,--,--,--,101593,148580,--,26076069,--,--,24927557,--,48375,2812,--,--,--,74101,--,61463,50355,94254,--,--,--,--,--,--,--,--,--,--,--,--,--,--,--,--,--,--,--,--,--,--,5545,--,26267,125637,--,25416365,194582,164852,--,--,45449,167970,--,86851,--,--,659704,--,659704,26076069,--,3699054,--,--,--,--,--,--,1098936,--,--,--,30379,4941567,--,2716309,267542,--,502336,--,126708,117028,61089,3791013,1150554,5002314,73520,36396,--,--,--,5112229,21943,5972185,--,--,--,--,5994128,-881899,--,--,--,--,--,--,--,123,--,--,123,-123,--,268533,1944790,2213323,141195,--,--,198622,19820,3357,--,--,--,-5993,--,-11361,--,--,-95826,--,178,--,--,-2685809,3632918,--,--,--,1150554,--,--,--,90908,78799,2122415,1865991,268533,781787,781787,1206842,--,42199,--,11305,379062,379062,506877,7604,--,--,--,--,--,--,--,--,55347,323715,--,--,198622,11361,9962,--,14599,--,--,--,--,204104,10230,2146,--,212188,70994,--,141195,141195,--,--,0.68,0.68
2006-09-30,1962680,0,474736,53638,153,0,0,0,0,0,0,0,0,0,0,0,0,0,596448,0,0,0,0,0,0,16884679,1938286,1792948,0,0,0,0,0,0,0,0,197224,1238,0,0,0,0,0,3959,0,0,12044,0,93213,0,0,24623028,0,0,23357194,1810,51314,1463,0,393168,0,124101,0,0,43674,0,0,0,0,0,0,0,0,0,0,0,0,0,0,14731,0,0,0,0,0,0,0,0,5545,14731,24632,0,0,24017632,194582,168322,0,0,32289,47970,0,166492,0,-4260,605395,0,605395,24623028,0,2128691,0,0,0,0,0,0,750527,1810,7146,0,196173,3084382,0,1995148,46850,0,361968,0,87233,108733,178541,2459029,625352,0,56614,102322,0,0,0,158936,1010142,0,0,0,-15065,0,995077,-836141,0,0,0,0,0,0,0,0,0,0,0,0,-2672,-213461,1944790,1731329,89030,0,0,48634,22060,1517,1324,-1784,3294,-5661,0,-269,0,0,0,-69062,-2110,0,0,-1747751,2277426,0,0,0,616682,0,0,0,96663,78799,1634666,1865991,-213461,558467,--,873080,--,29048,--,9252,269347,--,372766,7935,--,--,--,--,--,--,--,--,39734,229614,--,--,141007,9160,5154,--,13474,--,--,--,--,148112,7870,1563,--,154420,57186,--,97234,97234,--,--,0.47,0.47
2006-06-30,1778042,0,510777,88909,74,0,0,0,0,0,0,112716,0,0,0,0,0,0,739970,0,0,0,0,0,0,16927308,1523217,1795764,0,0,0,0,381758,172683,209075,0,209075,622,0,0,0,0,0,4003,0,0,11881,0,98236,0,0,24282388,0,0,22060031,888475,53786,1562,0,0,0,1262750,0,49956,35789,93211,2344,0,0,0,110505,5891,0,0,0,0,0,0,0,13724,0,0,0,0,0,21229,38,0,5991,13724,0,0,0,23723184,194582,164756,0,0,32289,47970,0,123824,0,-4219,559204,0,559204,24282388,--,831527,--,--,--,--,--,--,481929,--,--,--,1153258,2466714,--,2006744,-88852,--,230892,--,57868,74327,75711,2340270,126445,4047209,33043,--,--,31049,--,4111301,9769,4878605,--,--,--,--,4888375,-777074,--,--,--,--,--,--,--,--,--,--,--,--,-1298,-651927,2563214,1911286,51786,--,--,95095,11178,1138,3797,--,--,-5638,--,-3531,--,--,--,-45221,1853,-3067,--,-1967888,1986943,--,--,--,126445,--,--,--,68912,78799,1842374,2484415,-651927,345317,345317,548404,--,18250,--,4924,172411,172411,237130,4380,--,--,--,--,--,--,--,--,24595,147816,--,--,95095,3531,3029,--,8690,--,--,--,--,77811,6182,1653,--,82340,30554,--,51786,51786,--,--,0.25,0.25
2006-03-31,,,,,,,,,,,,,,,,,,,,,,,,,,,,,,,,,,,,,,,,,,,,,,,,,,,,,,,,,,,,,,,,,,,,,,,,,,,,,,,,,,,,,,,,,,,,,,,,,,,,,,,,,,,,,,,,,,,,,,,,,,,,,,,,,,,,,,,,,,,,,,,,,,,,,,,,,,,,,,,,,,,,,,,,,,,,,,,,,,,,,,,,,,,,,,,,,,,,,,159677,159677,261004,--,7401,--,1720,78917,78917,112468,2066,--,--,--,--,--,--,--,--,11897,67020,--,--,47677,-1340,688,--,4737,--,--,--,--,33083,30,103,--,35974,12656,--,23318,23318,--,--,0.12,0.12
2005-12-31,2175970,--,328495,84759,573,--,--,--,--,--,--,46171,--,--,--,--,--,--,866533,--,--,--,--,--,--,14961543,2624854,--,--,23337,--,--,402207,160434,241772,--,241772,--,--,--,--,--,--,4158,--,--,--,--,100089,116270,--,22232469,--,--,21228504,--,67906,1617,--,--,--,116943,--,40993,52176,82109,--,--,--,--,--,--,--,--,--,--,--,--,--,--,--,--,--,--,--,--,--,--,5872,--,23505,107404,--,21727028,194582,157437,--,--,32420,47970,--,77331,--,-4300,505441,--,505441,22232469,--,3479795,--,--,--,--,--,--,796983,--,--,--,169616,4908639,--,3070565,229516,--,366264,--,104139,84852,176733,5337198,-428558,--,--,64868,--,--,--,964269,87270,62294,--,--,--,--,149563,814706,--,--,--,--,--,0,--,13,--,--,13,-13,-4256,381879,1562911,1944790,31101,--,--,119737,33035,3158,1962,--,--,--,--,-232,--,--,--,-89550,-24859,3683,--,-3081453,2570879,--,--,3980,-428558,--,--,--,1221644,952645,723146,610266,381879,545055,545055,866401,--,30709,--,7293,301373,301373,377034,6799,--,--,--,--,--,--,--,--,41692,259681,--,--,180278,112,11148,--,13226,--,--,--,--,63403,3110,6724,--,59790,28689,--,31101,31101,--,--,0.16,0.16
2005-09-30,,,,,,,,,,,,,,,,,,,,,,,,,,,,,,,,,,,,,,,,,,,,,,,,,,,,,,,,,,,,,,,,,,,,,,,,,,,,,,,,,,,,,,,,,,,,,,,,,,,,,,,,,,,,,,,,,,,,,,,,,,,,,,,,,,,,,,,,,,,,,,,,,,,,,,,,,,,,,,,,,,,,,,,,,,,,,,,,,,,,,,,,,,,,,,,,,,,,,,403868,--,643463,--,20303,--,4851,179430,--,273076,4672,--,--,--,--,--,--,--,--,30604,179430,--,--,140477,115,4130,--,8753,--,--,--,--,193834,--,1139,--,52217,22226,--,29991,29991,--,--,--,--
2005-06-30,,,,,,,,,,,,,,,,,,,,,,,,,,,,,,,,,,,,,,,,,,,,,,,,,,,,,,,,,,,,,,,,,,,,,,,,,,,,,,,,,,,,,,,,,,,,,,,,,,,,,,,,,,,,,,,,,,,,,,,,,,,,,,,,,,,,,,,,,,,,,,,,,,,,,,,,,,,,,,,,,,,,,,,,,,,,,,,,,,,,,,,,,,,,,,,,,,,,,,264113,264113,421490,--,12830,--,4266,134690,134690,179990,2951,--,--,--,--,--,--,--,--,19942,114748,--,--,96403,64,3211,--,5192,--,--,--,--,129423,--,2115,--,30905,14117,--,16788,16788,--,--,--,--
2004-12-31,1910729,--,269145,95961,--,--,--,--,--,--,--,56449,--,--,--,--,--,--,1163147,--,--,--,--,--,--,12108390,3151024,--,--,--,--,--,--,--,--,--,325536,--,--,--,--,--,--,6586,--,--,--,--,75230,107581,--,19785560,--,--,17522263,32276,100787,--,--,--,--,1389808,--,--,42761,71219,--,--,--,--,--,--,--,--,--,--,--,--,--,--,--,--,--,--,--,--,--,--,3039,--,19822,173908,--,19355884,194582,108474,--,--,27013,27970,--,71637,--,-0,429677,--,429677,19785560,--,--,--,--,--,--,--,--,780025,--,--,--,359489,1829175,--,198290,--,--,355592,--,86447,52597,546031,1124224,704951,2226234,673143,5817,--,--,--,2905194,24591,3929358,--,--,--,--,3953950,-1048756,--,--,--,--,--,--,--,3870,--,--,3870,-3870,-0,-347675,1910586,1562911,--,--,--,--,--,--,--,--,--,--,--,--,--,--,--,--,--,--,--,--,--,--,--,--,--,--,--,--,1562911,1910586,--,--,-347675,531012,531012,865725,--,24748,--,7575,286987,286987,372395,5964,--,--,--,--,--,--,--,--,41257,245730,--,--,188985,-988,2364,--,9946,--,--,--,--,55040,2096,2828,--,54308,20376,--,33932,33932,--,--,0.17,0.17
 ,,,,,,,,,,,,,,,,,,,,,,,,,,,,,,,,,,,,,,,,,,,,,,,,,,,,,,,,,,,,,,,,,,,,,,,,,,,,,,,,,,,,,,,,,,,,,,,,,,,,,,,,,,,,, , , , , , , , , , , , , , , , , , , , , , , , , , , , , , , , , , , , , , , , , , , , , , , , , , , , , , , , , , , , , , , , , , , , , , , , , , , , , , , , , , , , , , , , , ,,,,,,,,,,,,,,,,,,,,,,,,,,,,,,,,,,,,,,,,,,,,,
